{
  "ari": 0.016100454272322012,
  "nmi": 0.11607553435793819,
  "overall_purity": 0.4359154050291864,
  "n_clusters": 104,
  "total_recipes": 25822
}